username,password,role
XF6N0R4,2USY2E2,admin
W3PHXNA,IT99C7X,nurse
KX9UDNG,58FTQ78,clinician
93HQIJF,VDMM3MM,nurse
B5A3FPH,J9QWG5F,nurse
USOOUA9,Q60TAA9,management
DXMMOQP,X994S8U,admin
QH61Q1R,VKEH12X,clinician
32HEOJI,L3HGFZL,management
WMNLIS7,65C3UJ7,admin
AF6QK7V,OG8FIM8,clinician
TC3BGKY,1VXNLYZ,nurse
IAZ0IDD,7X2PVO7,admin
66NOJN0,P6ISGEM,clinician
KDGBXGH,VPH45K7,nurse
FPXW3PW,0YGZWXS,admin
78J8RZD,GTQKEBQ,management
S90C1UR,TQS8YTR,clinician
5BQO2FD,AB9K5KH,nurse
8NKMJBR,UH3CN9W,clinician
5E3TXNH,FIEWOF2,admin
T5U2KO0,VV36H94,clinician
67JAV8E,N8OX8I7,nurse
NULY5JV,2S1PD4A,management
RHAWL2H,BT0T386,clinician
70WVKCP,5SLOXA1,management
U6WKXL7,UF40S6F,nurse
2UASLW6,C0D3ZX4,clinician
QYRD2DQ,9SCHSW4,nurse
S6JBN9F,QXI1YCK,clinician
CZFO56M,9OFWJAC,clinician
O4R1SHK,Y712LYN,management
2501ETG,4L5UG98,nurse
1RVTKCH,N6H1Y3F,nurse
0TESUC7,HTD5KKI,clinician
Y9I8XIB,MJEQFGL,management
PSK235V,2BMU5ZS,nurse
DWJ4NTB,P64TAII,admin
NFLQQTR,KCC8UJZ,admin
6OE98Q1,YRDAELL,admin
6B72QEM,PF0K004,management
9XG0NUI,H44ELNJ,management
F6G26GD,BRQMDP9,clinician
X7BRNJS,J97Z2O2,management
4N51KS5,Y9AMZWI,clinician
HMFXKQ9,Z10NS13,management
IZKVJGF,SCOMX2V,admin
K589P0I,7093NGP,nurse
EQJ5E73,B77RHVV,clinician
G8X4JSP,N9T9V2S,clinician
2OT78F6,JQUNGXO,management
95V45Y9,R4CLYYU,clinician
3MRW250,1Q7FIV2,nurse
Q36Z4NJ,VZGOEJ9,nurse
6JQ0R4N,G2T2HI1,clinician
Z3U5BBO,Y8D6YGN,clinician
DSARM60,SI9MRHW,clinician
5A2TED9,YKZMV2Y,management
3BIJCAX,7NT49CN,admin
WTBOFZY,81SN3OB,nurse
XUVHAYX,48E8GGG,clinician
AKI0BJP,6W7ETHN,management
IRXOHYS,LGC2I97,clinician
YIQWTCS,5BIN9P3,admin
FS603DM,1QW1CS8,admin
KCOI7PF,25OYU70,nurse
IZBB40Q,Q0ODX3B,management
FA86NDG,9EKGS1L,management
0HZPWK7,2E7CCE6,clinician
R32OB5I,FD0N9M6,management
EJ7XSXY,52QOQQR,nurse
4P0WW5C,X8ES8JB,nurse
BKEOL9D,68LPW2D,admin
RZC0764,7PXYFE3,admin
4M9I9VH,L0M8ADQ,management
2TEW1PV,75NQPCZ,clinician
X6JGHYP,SB9U9PX,management
SQOWW57,IL4CFWS,clinician
2OJOW2K,7B6BXW7,nurse
X0ETRWO,9G7UCC4,admin
U8JZSEU,XBE0HRU,nurse
WZHCYZZ,IDWVSUM,admin
18VNE4G,9DC7K69,nurse
LBA1O57,5RHROZM,nurse
8KMAXGY,6XS4LAT,clinician
8T404HQ,5JMPB90,admin
4ZI1N3G,E6PGNDA,admin
0O223OR,Q2NVI73,nurse
2P9ZXJ1,4GZBLC0,clinician
Q0XAFNG,CMX1LJ9,clinician
T0O3D3H,EOAVZ7F,admin
92AWYKL,BMO5QHH,clinician
41MAW0P,KAN38I9,admin
VLVH8RL,9YY0JLI,nurse
W9QPNOL,6A6MN6B,management
BAKER6Q,B63GXXU,admin
V8ZLIQM,CRDF9FO,management
H3S99RK,BPJMT83,nurse
DBW9O8F,ZCYXT87,nurse
LJLC0VI,Z001OAC,management
Z7B0L7N,HSJZ2YN,admin
KY63K3C,FRIFHUJ,clinician
ZG1VHY9,FIIGD75,management
PNHBU9J,JAZPVQK,admin
FJT6VAH,DMQZ7M4,management
KOUTHJG,U0J6OHZ,nurse
ADAGVDJ,OKKKOED,clinician
847582R,W690CSO,admin
QYS02WE,S6MBFFJ,clinician
6MW3T1T,IXLSTZZ,admin
IBRQSNR,56SUTAL,nurse
T40U9W6,EVY9WD3,clinician
2SDR7BL,71Q6ZPM,clinician
M7CQEYS,PRBA52W,clinician
WTIGBAG,GDUXZ7K,admin
GZIR938,HT8RD1I,admin
OKW95PG,7W109MX,nurse
6QCN1NB,UCZIBIV,admin
T148EK6,X2V2JOD,nurse
GA36J5C,B9F4UIE,clinician
9488WZ5,0ZZOIBW,clinician
7HSSXQS,0UJAE3X,management
B1CPF2A,7F0LMY9,admin
NB0UVE4,MNNIVOK,clinician
0IOA9P8,AZBGS71,admin
FQJTVZ3,FYKQZT6,clinician
XYABHDA,RR9GG08,nurse
52XJBGU,CVSVO22,clinician
CN3Z0HN,H7HD3KB,admin
A82TM81,HOFI04W,admin
LI3KJ76,0AU5P8H,admin
W3563IE,AX7IF0R,admin
9H9WSAY,LU922YE,clinician
21M0ZON,GM268FK,clinician
3O7C86G,TORNJR9,management
O2VK124,NGLAXBR,nurse
8GYZRNT,N517OT6,management
VLZ9CVU,A13YZ51,admin
06RHUZ4,A6L9ETC,management
3KBDGQ1,N0EH6AF,clinician
Q940JQ0,ZJQCUB9,nurse
34BKOIN,4HU5M8D,admin
OFU55RW,I244S2U,nurse
QBIJBCY,ZGG4JKF,admin
RJN964H,B8OEPW6,clinician
OPAZ8JP,GVNPOYQ,management
TVGVRRA,EUI0OZ0,clinician
UBJFMB7,NFIG21T,admin
EPYT3RB,RCPS4M1,clinician
WGT968K,99OQ7XB,nurse
4GARTSC,2R8SH10,management
B9KR02X,73IALQE,nurse
3BGWTH8,5OOSF9U,clinician
895WEK8,XBEZU8X,nurse
1YADDAC,2AE8ISW,clinician
5JQICJO,7DOMKBR,nurse
7EE5O6Y,R4A3BR0,management
NWWOM8V,VOT5S0J,management
U23L6ES,RA32STW,clinician
BEIS380,WKMEAR9,management
GXG5LS2,VTPK8LU,clinician
VL0V7DQ,P72FV5A,admin
1IDKW5L,VFPPCRJ,management
STE7R93,6QAPAS9,clinician
UQOOHBL,B1AEH5R,admin
OPV5LSD,RE49J4P,clinician
R2Y0NM3,4S4Q69N,admin
79JMVJM,RPAV3MI,admin
9I3T41O,0847MBJ,nurse
RCDSSKT,GHH285O,admin
2X2V85P,FTU8WHY,management
VNK4ZLK,E4BBB2E,management
MFWGA5E,GXO8BDR,admin
WVXSR7D,SCR69TI,clinician
D2VK4JG,25JTPOF,admin
4OMC87L,BWBQ30W,nurse
9E8IJKH,67B4PWV,nurse
NNQ4RFD,BZJQF48,admin
09W51H4,0NPZPF2,admin
0ESVRME,U22XJ69,admin
UX20F87,NGCAXZO,nurse
3OKKVVY,Z22H3LA,admin
0LLXHRY,X6CGW3H,admin
0EOI0PD,CBIIEI5,admin
FS6K78P,9TLBSY5,admin
J06E03F,CQZ1WFI,admin
K3VOQZQ,F9GBUXK,clinician
F8PYF3O,X768TIA,management
KCKICG4,KU0V8GR,nurse
YEEPZ0U,D4C0V5P,admin
NLCF83D,HB4B85J,management
GO0H5KE,4QX1G8X,nurse
W2WEW5J,R6TLLB2,admin
1S1VMJC,DZ3LLHK,clinician
LHQ4EE4,I0102Y4,nurse
5H2H1JL,TW2QU6W,management
X4KA6MO,CRUSERQ,admin
NYX3N2O,NDTBLQX,clinician
08AZQ0K,DTWLILT,admin
CK36GTH,JZP6PS5,nurse
CDY79N1,CYO104Q,management
QXELKWU,YGAUWMZ,clinician
KF0K2L2,EXBGM64,nurse
6W690UR,NHP8P3B,clinician
C1IT2YA,KN5ARKG,clinician
IRCNZ2C,B0OWVJX,management
CCTZKW2,UMYH29E,admin
5FS78Q6,DWBIG2Y,management
4QQHGQD,7TQD5Z1,management
Z9HYAPO,ZHCDVIM,clinician
2SV7Q5C,JK1IGYP,nurse
PHA7ZJQ,4NMEYU3,management
EWF9R7O,M9EW3AD,admin
HQWQUGY,DUKCGWA,admin
E2JE8WX,NNGYN90,nurse
LAISL56,8MNNLZP,management
AXUSKKZ,FYQ78QJ,admin
JJP6W6O,8CAEI5I,clinician
0EIUVVN,09HVUA3,admin
8P43XVF,PBQWV2G,nurse
A62CTLS,QJULUQM,admin
TZM67O6,CVJPAAN,admin
M4W64SO,RQZFEYS,nurse
YPLR9NC,V73PIRP,admin
ZP9M9YH,EX8K1WQ,clinician
I13CJFO,CUF4MFS,management
IFM7I30,CK971NJ,nurse
KRJPRJ7,90GPEXB,management
ZMEUSKA,8AZ36PL,nurse
GG0LU9W,PGO0D1N,nurse
AU1KECE,4YZ8S61,management
7DZZ8IY,7V0ZTOL,clinician
P2TINET,2KFZAN4,nurse
FM7WBBX,7O4CBKK,clinician
6OJNOX4,Z3XRBGL,nurse
J2Z06WA,TUYQ4A4,admin
CNFU5J0,QGT1EBT,admin
4CAV2K0,7O8RA4V,clinician
E18E6KF,8NFGI0L,management
20C8MC3,JUGYX3B,admin
AFGYYKG,U058CDH,admin
CE0EP9V,KXC2KLP,admin
A75XZAQ,JFJZ97D,clinician
EA7117X,T8HTWNM,nurse
OEN0IA3,VMGL78C,admin
REC5ZTA,9JU6T9H,management
N8ZSP8P,C4GQA5U,clinician
C70K0VD,QWHDPTT,admin
5G4HVZH,A37E79C,nurse
6QYAWR1,SB6G6PO,admin
6S12R7I,IFX25M8,clinician
5I8J5YZ,9KXQ40N,nurse
Q8VSVFY,9F734OM,nurse
4QDETST,TK6VSOT,admin
0SSN6KB,WXPPGIN,admin
52UL7HE,DZHYTPT,clinician
WQVGEV6,GW3T84L,management
W9B1XH2,5BVFRZO,clinician
YSKMUIK,4HE821S,management
9SSF8MU,N9ESD0T,management
LPN2IAT,IJP82J8,nurse
90L9WQ2,59XPNF4,clinician
WW1N2SY,V2YXS61,admin
OMOJY6L,QPKK04W,nurse
D4VP87K,XTSF1DY,management
KL3UBVF,5SVOFVG,nurse
PAZOXIX,CD1CVJ3,admin
758DMDN,M2M5OF8,nurse
XM4KT9S,ELQ7VKK,admin
MXEBCN5,T3X75GZ,nurse
89OHKUG,OMZO7JO,clinician
RGATAPD,EUFXH5O,clinician
S7NAW5K,M27MNOU,nurse
CS3HUNW,WH0ADZV,admin
A5CM5BG,YBTML32,clinician
RPGBSL7,F8AWFRM,nurse
F3OPRX4,FT0DB7Y,management
IW713ZJ,GS6OO8Q,management
EYE6CT5,FX9XVIV,admin
1LB8U5Q,7LOXW0O,admin
OTSG2DE,FSS67ZB,management
MSJ7H02,M6JJ5HD,nurse
R6CYY23,E3X7V5Z,admin
US82YQO,3K9RK4S,clinician
YQQ349G,99Z8OMP,nurse
MOQIFZX,GMJPMPK,clinician
PWQ02YN,YQCMVSW,management
0MZB8KN,XIGR7J6,nurse
K53EHTH,GR0BGYX,management
FKXW6X2,DJG3UH8,clinician
0RLTEV7,8C1WANF,management
6AA5QO7,0VB2T6K,nurse
848A90C,RU2AQHQ,clinician
DWMRYTU,QGZVYDP,nurse
IA5T90E,53D1HCP,management
HP7Y8D2,6A479HC,clinician
KMTIWYN,QJTI7EX,clinician
FPSR6CX,IF2MCFM,admin
KW8QQZ9,LKJY7O8,management
2W5DQ1T,2O3QAD1,clinician
RA6K3CA,A7ZH1E5,clinician
S3NGKHV,GUBSL3Z,admin
ND37BGS,B3CM8YG,clinician
G9PUVJT,0SIQYGH,management
WAN8F5E,UQNMSX9,admin
FS9Q6V1,AVEN0J2,management
DE4O1CH,VNDP0UL,admin
G3YF2WF,GWSJE5J,nurse
SLV6LJJ,QQOW8UD,management
AKP2X51,ZOPWWIM,management
JM21EMO,H8C5BM8,admin
WJV5IVM,MFR8XK8,nurse
3KWDOQQ,UL538J8,clinician
OS6VM95,RFKC80C,clinician
AFCAYLL,3IRCSCJ,nurse
KJ9RAZO,GB5ETHX,nurse
YJK9T0W,GBN7FIB,admin
L74VAYE,28BSY3K,nurse
1J922YN,EMKEAIK,clinician
X56ETEW,VKFD1D1,clinician
PW38B02,9V63TK9,management
NONBEDI,WXFMUYB,nurse
R7SGWGU,E16UNIH,clinician
EVQ04OF,KS7YKC8,management
73HK7B1,M1S0W7T,management
8H9CBUJ,L62TLYU,nurse
6URCPFV,3YHKJT4,clinician
Y9D586U,TXFJVGS,nurse
4MEDJF2,EOOYW91,management
IY9PQ1I,LI7Q1AB,management
WQP1CIL,WZS6UNU,nurse
5LRTW0U,XIH0WOL,nurse
YQNGN06,G3ERCQE,nurse
EI4RU3W,ZOBGSDI,nurse
88HCKUO,7MNTNXT,management
CFR4YDF,5JK5BYC,clinician
3CKBA5V,F7M2ALQ,clinician
1L6SJBG,UIWPKZN,nurse
452D2T6,LURUH4T,admin
UA7XTCN,YWUSQXX,admin
MAJOOAS,YW8JDWC,management
HEWASGC,D1SKWBS,management
7V6NPGI,AOK27V5,clinician
N4PVONI,IVO7Z8R,admin
QWZY4GU,8MRXMPI,nurse
KYAJ4Z6,E9QIUGX,admin
RGOHWKH,A29UM31,clinician
RL35PEG,ENW1LN2,clinician
0ULTW4L,7KQCMIT,nurse
X53F85X,OGZ06FC,admin
EGJYKBY,95F8AX7,nurse
SEHM79D,ZWHNNXY,clinician
MBBTMI7,T701I5C,clinician
X6I9W24,C2S7PGO,nurse
CEAFDF4,RZT3YJ2,admin
QMK5KCY,GD1M0PL,management
Y6RMFQ2,RSVIAQC,management
AUPSKEC,CKYAMZ6,clinician
F5PQDDU,HCKMIR0,management
VPPAIUR,E966UO7,nurse
94WEXY6,RH4A2AX,nurse
JD9BOJ4,H1GFJ2V,management
0WT1CMW,9VU7JY7,admin
GUD0X0Z,6UBQ5I8,management
ESB4YKN,KXDB7Y7,management
BBMZF6J,TG15X7N,clinician
QU9HIC2,G8AUGIF,management
83L0ET7,CLQNRM1,admin
J9371SY,J8EG9K6,nurse
1JTJKFE,T394C30,admin
ADE2WKM,0FRWBV3,clinician
1ZAST07,56PD7IY,management
UII9JHG,DE05YBT,management
VL0Q8AS,0PWUSVW,admin
1TQZ123,M442CCB,admin
QIJ2ZTQ,B814PZM,management
INTTU96,CS8H0X5,clinician
LUDXGRL,PXSFHXA,nurse
ZK07NQH,EQDE17Z,admin
Y6W5TQO,3TES0XT,nurse
83IP487,PAH29XX,clinician
XYMY8VJ,3X16477,admin
LMDUXFN,IAKGGGX,nurse
DWBD4XW,9DNJ5TW,nurse
WT0TVPW,UPY1QR2,admin
YKPTI2F,1I2MR2L,clinician
AFSX251,RZQER8L,nurse
CDOFM6G,ML620OR,clinician
KSHTYDZ,S3BZ0D4,nurse
1BSZMK4,88N9UEC,admin
V0SLJ5R,P6O2LO3,nurse
Z5L930B,WS4YTAB,nurse
JSUOLJ1,MTU6CJJ,admin
YE2EW70,EUTP9Y2,admin
0VLCISN,Z3AJ44O,admin
6VOIXYV,QRG8QZY,admin
IF9GRWM,RX6KB8W,nurse
82B55XQ,OS0HDSF,management
GDB5W8C,DF1PA11,nurse
X2WFWU9,LYOGV64,management
N1RVZRY,3K0HMJE,management
Z095YTQ,5GXD87F,clinician
XJKZ7AA,9VDTXMF,management
7VPX6B3,SKF3OOA,management
SMECLOG,MP20OXA,admin
E6976YQ,BDM9X5Q,clinician
ZFDMYVI,WIESGP4,management
0RJOXDO,T69LA7M,clinician
HFNAK50,6HYGXFX,management
25QBZID,XIHG7J2,nurse
LZ74DH3,GPVMHLT,admin
CMS8KV8,UCN3VR7,management
CLKOI8L,280D5A1,clinician
UD6IUCO,TE7VTLO,admin
6ST8M6Q,U7LEYEF,nurse
IQFWUV4,ZCN11D2,admin
7DSTXE3,K8TR0I4,management
BX0JE16,RYA5D0Y,clinician
03N2IBG,V2Y0NQD,admin
MASZKKT,RES442C,management
NF2NT3R,WL1CMQ4,management
6UII1I5,52V1RJE,nurse
5AP6L80,42TDWUY,nurse
WEEQ8UY,USXO6Y1,management
LGDEUFS,T9OIJAS,admin
25ZTQAJ,W5K03G2,clinician
9NU67CR,K5CT21G,clinician
P10HIV3,DC7AJ5S,admin
85Y5FAX,0QRUILL,management
23S6RP3,9TLNY6Q,nurse
7BSQHMK,B1CHOV7,management
86FB4CB,MVMST0G,nurse
6SXU2WO,6EVPSBY,admin
GTN15NR,KC1NKGB,management
JAMA64N,5WOBBNU,management
PMEYU6B,4FM1YAZ,nurse
K7YUF3E,G289OJ9,management
2G2WD3W,07E05EO,management
RMAOOKN,DFY5D7O,nurse
ZJ79SHB,J4G3RL1,clinician
GW5GG47,DK3HQM2,admin
DTLB0IS,099NI8W,admin
SETPAZB,ZH4SULX,management
2CQJ5HA,EXXWPKF,clinician
3PA13KX,M6T60QU,clinician
G6N6GNE,LT8HEWG,nurse
O53R2JZ,AJ0VL0V,clinician
S7NHBAM,6GMQIUW,nurse
T5ZES38,EIFTO3N,clinician
7BYRFUW,GV3A2LA,admin
XNVVS3M,JE2JX01,nurse
Z9CPSLY,YVKQYG7,nurse
9FTSLZ5,6AN25MU,management
QDZJ2UP,QDYTEMJ,nurse
SRWAL54,PIF5A97,clinician
7YREH8N,2YM1HPF,nurse
CUBPGHF,7CTKTRQ,management
LIXZ3S1,VSSU07N,clinician
O96AZU1,GTIQIKS,admin
IX55URI,O2BYU7N,clinician
2KA6HFW,DHA005K,nurse
DI90JLM,OJ9HKZ3,nurse
JHQ8C4K,O0KDO3K,admin
09N7D2Y,I4P6XTH,management
TJKDO5O,NP2UFYP,admin
7ZUHD73,2V4I53B,clinician
R3Q88NK,X0DXKGP,admin
U6SO2S0,3RFNMCN,clinician
E9S3P21,IAMFSDY,clinician
U10XEOB,FKEAKIZ,clinician
OZWZOA9,Q6K6ZAF,admin
6IC9554,H2GTDO8,nurse
L0SK9D3,EKOK2VJ,management
QCFDNJ7,KZ4FX81,management
R5OF4XB,2K6RVBD,admin
5ZRBKVB,SOTTJO1,admin
41DPTFL,ZM0KK4E,nurse
JF2RF54,NXIBXZX,nurse
M52ZQCW,79UG989,admin
YND01MK,FRJAWQ2,management
S82TRKI,TKJTZO7,clinician
GRUNTUS,6YBJJD3,clinician
U3Q9HIP,1G36JCH,admin
TOGNNAI,5YQVDY8,admin
WUKAEYN,VQEM70X,management
BLGNL5Q,GIO5S64,admin
T9NTXKX,IN82Z99,clinician
RVUUUMG,52M4FME,management
TOVEUEF,8R6F6L7,clinician
W4AVBZ2,XPX7UX7,admin
QEYS0HG,PNX4EX3,nurse
I637DX5,BE8914C,management
WV203TM,ZMCFOCF,admin
UGKD8TK,TGV2JD4,clinician
9PSDJPX,PY7TPUA,clinician
S8K11FO,E4N59SQ,admin
HZ4TXZU,3STSHZ9,admin
35SWHO4,BLKSWS8,management
EO5EPW7,10SFXGB,admin
JQ7J9EI,RZPUPG6,admin
79HL1KU,QA1IQ06,management
JS5FWH6,8YFRAAL,clinician
GD38QR9,0SPFQW2,nurse
464P6JM,F3KZOTM,nurse
6KYV6Y2,R23L6BT,management
88KGESW,OQS2DF7,clinician
DV9STYE,LFT6C1X,clinician
4PX6Q83,V9XKUR0,admin
T24A3X2,TPZMI7O,admin
TFMZ5HS,LL3IY4L,admin
8UBUHER,CVS8ELV,admin
IW29ID2,80MPBIW,management
8PUNIKA,T5STT9J,nurse
E2CMSXM,8JNW2LK,admin
YMYYZ4G,NX00Y04,clinician
M8UDZ2N,LQ5GEPU,nurse
2F3KMCJ,VDCX9HU,management
V74W2B3,HBGALXJ,management
79E1TBC,ZFE1YQ4,nurse
VL77DI9,99GF87G,management
I6YNN4A,0RURXSN,clinician
9EX1YLH,30RSJ5H,management
YL0F83N,ZWOP9GX,clinician
IUCO521,VD4X215,nurse
VCTAXFT,XN392JT,management
BPW8VJ6,DAUD4OA,management
GY2SGLD,DP6XOFZ,admin
75B4W5I,9C4DNXB,nurse
ZTWF1BX,7AZ0LUD,admin
DLQVB4N,DXE4TD6,clinician
Z8877GR,G6TL7DS,nurse
0JZLMDY,I5164BS,management
MI3G7P5,0TPZ598,management
VYLK3VT,CM89ITQ,clinician
6QBMT35,LN45DOH,clinician
7S4JGCC,K1QY2Q3,nurse
F4MIIV1,M97KNYM,admin
DQ051FK,V1JX5PD,clinician
ZK0PKMA,S6335O4,admin
5NLF0AI,HEVOXHY,management
K3ZRFJS,PI122UU,management
HENX9AF,TYDMZES,management
KSMXR4R,ZYEUSVZ,clinician
W1MTFAK,EWS2DUY,nurse
ANZTKUA,MX09OA0,nurse
EHKDD3M,FMCFCIB,nurse
PL9Y3F5,KJM6XMW,management
03QBOZI,X4UUYXQ,nurse
MLTYQO9,ODE4KHS,management
9KD0GHZ,EWW36J7,admin
QF0TVRX,Y6SUQK9,admin
OF4UICB,2U0OKH4,admin
O7VIUMU,8D0TKSC,clinician
8AMD5HC,EVAR02O,management
NEWE98H,RY58LAH,nurse
T8SH2V2,HI4H4V8,management
CLHO29W,PD06XU5,nurse
3SSDLTR,A5TITMM,admin
TQ092MQ,Y22NLYT,management
KEMEWUR,5H485FA,clinician
F8K79ED,MEKI2BJ,clinician
3UWYV5T,Z5H5E29,clinician
S5E2OZQ,HXBPC60,admin
86085NL,K7GK9B7,admin
OBD67B7,0S8MQQO,admin
NR59H1E,R8YTQGE,clinician
DU2OEEI,242UOJ5,nurse
PDRUPBU,13Z07PK,management
Q9XV2M4,JDHF85C,clinician
KDHVPYV,D5HUKWH,nurse
Q8UV12Z,JT0IX28,management
2NG0YKX,D50F9WB,clinician
TVK3N3P,ZPNVHPR,clinician
B16WSW8,P7E0R4M,management
SVWJ7DT,27KYU47,nurse
W8PHKW4,L817ZPK,admin
3KXIO2O,0S48XN8,clinician
N2BD7Q4,A5ACTXO,admin
FM27E41,YC02JZS,management
Z159TDN,T26OR2E,clinician
AOXBTDS,DITKCWG,management
LOQG0SW,S8EV7D0,clinician
75ZF9R5,PG8LE93,admin
Y3R92Z9,16KVO6U,management
BM72G03,A7MSAB4,admin
S7XVTP6,1PHM6GE,clinician
QREEL1V,8QJGXIZ,clinician
SMCAQUL,QOZQLLC,nurse
SE9VCL5,AG1STO3,management
BY1LZLY,RD3QX71,management
LUK28B7,L7IUB8F,management
MIXXY8U,763Q4YQ,management
IR4G7YD,ORHOV99,clinician
PM5AELY,ERZJ4Y3,nurse
HU0PC9E,RYA8KUG,admin
7LVWRM3,9RGYJRU,admin
CIP7JAD,WT410PM,management
50H8Y2W,UHFEDIF,clinician
U0KKDU2,KLZ7N3Z,clinician
0KOCH3Y,47GFW8H,nurse
I7Y0U5Q,2CQNVHE,admin
H10CJQY,1Z3JHEC,clinician
RSIBKVT,9BNH0OB,admin
3GC38Z8,X91M3ER,nurse
5PZKTBS,20T7UOP,clinician
80BE1WA,PTLUKGH,clinician
IZUA5DY,P28IE8Y,nurse
D51VZ0H,R9Z906B,nurse
I9TV4QQ,LJP5DLQ,management
VJHD3IE,9YMWCTI,nurse
EPHUT2Q,YPUEFAE,clinician
67AICLD,ORY4YWZ,clinician
Q6S20QC,IIFHAOD,clinician
RGFOVQH,Z8NCCDD,management
G6MVHI7,4JYZGGN,clinician
HI4QCFN,18GEXL4,clinician
XTHN1WF,EHWPDLZ,clinician
OABIJR4,NFDGACK,clinician
Q78W39V,P3TP6DV,management
5Q7TKN2,E97R8ZL,nurse
BPCV4B0,9VGDPW2,clinician
97IOFH4,TFY647L,nurse
BM0HBLX,P3IMWB7,nurse
JE7XED4,4XWDNIM,management
NUNGIJL,1TOXU5N,admin
RU2F0P4,OX1MYXI,nurse
8EEGAQR,FL07N0Q,clinician
2DAFU1J,PH2D50I,clinician
SBRA6A6,7C57BN5,clinician
USF8J9L,BBU78XK,clinician
OK01DIS,PV38Y6D,clinician
OPXL095,0QLJ599,clinician
30LIRGL,ZEL3YB4,clinician
UNV80LM,FZM8TEW,management
9HLZINX,XUU6JHQ,clinician
7AMM3Q3,9D5UBKU,nurse
67V3IDI,ZOBZ4RB,management
SXV4G7N,HFEJESQ,admin
DIB2WD5,VWOAC0S,clinician
TBAPM87,WD14UGE,admin
K6F9KEH,B22V11H,admin
BDCI1F0,RWOOPLV,admin
0E3650E,KF0GZPZ,nurse
WM9Y97Q,0IRDYZ1,nurse
R7KLBRA,UH4B2BH,nurse
F6G1VC1,M5CT4D1,clinician
GBZK3I3,73R7TUZ,nurse
YTJQX9E,YA8UAHW,nurse
6KZLU66,BHK8ZBM,clinician
KYIPE8I,Y6M6Z1Z,clinician
ESNLMKH,W6K6RNU,clinician
J762EE7,ZJTJ2FJ,admin
YB1BYAB,YWLEE7H,clinician
4QPNPO2,HEMMPR8,management
OQDCZHS,38TJ7KG,clinician
ZSWFEG8,2KM0ZGL,nurse
TAL5LX3,DUXHVUA,management
OC5KZGF,CLBECQR,management
DNIKZI7,1V1XYK4,management
4A90T0M,CQA7XSF,clinician
3IDEW8C,9NQCR00,nurse
XKD1QF5,G7BAFWT,management
EHDEI26,0KNCM2T,nurse
CO348JF,UDGBA9C,nurse
LDVCJPT,48I1RCK,nurse
LTPX2ZY,3J6PTQ4,management
JUPIKQM,GV6OUH3,clinician
TX59Q09,318YG60,clinician
5KDXHYV,THDCOVW,nurse
EZJRKJ6,NRDCFFN,admin
BCGCURG,PA5XJ4A,admin
DW26YNP,L60KD5E,clinician
HX7921Z,FRKZ4W9,clinician
W5WIQZA,3QDENYJ,clinician
5E7Z2O0,GSUNLBA,nurse
E3349UV,6JV3OBQ,admin
861R2AL,S5SY5WU,clinician
V2FSKCT,IH67AK2,nurse
PH9ZI3P,YP1XVJE,nurse
5QM0D8M,8UEWQ7Z,clinician
P5ZITNG,BK6WG7C,clinician
VUPYX03,UN5D505,clinician
YUIQHRX,AZD4APL,clinician
N08OJY5,T43I0NB,admin
DRZMGLO,F62DU00,clinician
ZH2B1FS,NQZEPK8,nurse
0JX23TL,99TJXQH,admin
2K6V8MD,MRMHQEJ,admin
ZIFKYS8,HOGWPA7,management
NCSU7W5,YJAELI9,management
RTH1B74,1KCN7RA,management
D839FN0,OHRNXS7,admin
S9903CQ,6CEMIYF,clinician
P3QUEEE,3BTD5GV,management
VYEK96Z,894SJHF,management
I2K3163,GQ0DXZI,clinician
E9HNEKY,UAYZEY5,nurse
8G7VU9Q,W5T0KCQ,admin
NPOYIQF,FY1G27L,admin
L9R7DK2,GUV53DS,clinician
BE4BE7C,TY77ZSV,clinician
YIO12DL,95W0VS5,nurse
4GSHSL9,4J19K8C,management
H7VDN46,1NMGHJP,management
03M882I,Z8BZRRQ,clinician
WPFUQYC,KDXQU7K,admin
SESKXW1,CNBJHXH,admin
CXRYAAV,4O8GXPH,admin
5R7497W,LQTA5MI,clinician
0ST123K,SMGVTVO,management
C79J0WU,XMMQCME,management
50TFR7E,LGXBHJR,management
057DOIX,JLM4K28,clinician
DXMZ89X,8ESV1M0,clinician
HYQ606E,VQB4NHE,management
W9HHGKZ,RDRXQ2O,management
RM9DDYE,6THY8M0,admin
9QS1732,CL0KJZO,management
G34MBXA,947J7M1,nurse
8FZ78BM,CCG8DH7,management
3HOY2JL,ZU0XHMJ,management
0U0BDXE,CWXUVU8,admin
NCLMZL3,5FO3WM2,nurse
5N9F1P7,F2EU8LW,clinician
VEL5SRI,SH6YFPJ,management
3Q1PC7W,UH0V2OH,management
3FQBBU1,FZ7FQRU,clinician
ZHXODRV,4DMA6S5,management
QFB939C,31VNMBY,clinician
6F2RLEW,U8IDG22,clinician
QNV0E0N,NPH1XSY,management
G14BMK2,FXOXXNC,nurse
EAPVW8L,0SIBWIJ,admin
5CKSRT6,ETPH9UW,clinician
5Q7R5QA,LYATIDP,admin
PS0ROY6,MYADMV9,management
KPWSRYC,FQFG5N1,nurse
T86K6G4,6ROXK2R,management
MF6FV6N,PZZVDX4,nurse
QTPOJ8C,UPCK4F3,nurse
IKUKHZV,5AV1YCH,nurse
4VS4P4N,C0LZFF6,clinician
VL57M2X,ESKKGB9,clinician
0V5SDYJ,M2I81FX,admin
EI4BNR8,WIP6UF4,nurse
TM39W4X,XVSNTF9,nurse
T2R1P8E,98C659D,management
N7G5PCQ,DF1UR51,clinician
X4SBZK3,FE7P8H5,clinician
JDAUY0I,RJAJSBO,admin
CPMYBAO,0NKTATG,nurse
7VB445H,WN7XM0W,admin
9LVD6YZ,M60B95J,management
9NBQVD6,FBASZXO,nurse
NQR4IUR,8GB1XCU,management
57E5DR2,Z0LEN39,clinician
ZHH23OJ,RT3010Z,admin
7CUJGGG,AAK8B71,admin
YLHMIRF,YMFLHUY,admin
8LALZ8B,8YOYKYM,clinician
O1YDYUV,OJFZKH1,management
N5T9JR1,44BKIJU,nurse
3E85665,GCJYWLL,clinician
OBT70NX,OAGECRQ,nurse
EX668SK,TSNE7TD,management
JD1NVSB,LJX2MI1,admin
Q6MBKF7,FIY2V7P,nurse
HPXRY91,YVFDZ9A,management
JTLIK6T,GVV0G2V,management
7Z46C71,SBJVG0T,nurse
5WTTNZA,M78QTGH,admin
Y54INNM,OOLJU09,management
ZXEI0SC,33IPAEU,clinician
205XR56,Q6M4Z3C,management
QMQGHNN,OYBY8VF,nurse
UFIBQOG,CC4IWG9,clinician
E25JCMX,BBA4ONP,management
3YD77KI,VJS2V68,nurse
0NEQKNZ,PBPDZ4Y,nurse
6F1URW1,0BMTZ8C,management
47VUCLK,8M4BVL6,management
TXDAZ89,9L7WMSZ,nurse
1J4OX1V,H3FONX5,clinician
05DGBAC,4P43RJ9,management
IUUZE3X,WSVM3MU,nurse
7YBYUF7,RYVJKFT,management
DCC02UM,SQRVJ7X,admin
5OPMO85,FN8V2RX,management
FNPEQR1,UZ40W8O,admin
ISZVHWD,IBVY0JU,management
3LC7QZI,TJUCQ4B,management
0YFAIGE,NF85W14,nurse
KQ7MQ71,8F9ITAR,nurse
82ML6BF,6E0LKC0,clinician
8YJCS8P,HHZ64PW,clinician
GGYGKMQ,3Q9QUE6,management
4MHRTIS,TVIOXHB,admin
C07ET4U,INI9ATK,nurse
KVRAY9J,LVIDGKN,nurse
5F2GSOE,XBSJMDS,admin
FXW97RE,M1ETNEJ,management
DAJY7FZ,2QPFK50,nurse
05ECARI,Y7DFYMN,nurse
ED9H7PO,KLF41TN,management
KFLN3WL,KDWDJ2C,clinician
N79N487,LEX4QDQ,admin
ORA7YF2,U5W5ZXG,admin
44MXHUQ,WVWZ2DY,nurse
2UI3I7L,LTE8E74,admin
2U447EX,1K7EDZP,nurse
ZBLRQ1H,Q5X8MQJ,nurse
A7AECT6,AF9VWYF,clinician
Q6R28ZE,YPAGA8X,management
TBM3TJ2,N0UM18B,nurse
XH82L3B,T9MD32G,management
4JFTTIF,UDAQPGY,nurse
ARZ8W9V,4E5JCPB,admin
GSN8MDZ,A4PUOGN,clinician
TK27YW9,XFMQFHZ,nurse
938S7AV,3AK247A,admin
VR18MHE,M7Y09O0,admin
DPI6I71,2B35ZRE,management
WGAOA90,UQALF38,admin
C0YK3U6,DQMKCCW,nurse
5WWLURV,ROAM7O0,admin
KIBYC6R,267OW4H,management
BITC188,0JFFZK8,admin
94LDE71,IL54ETK,management
1DBOKXI,CE4IW3Y,admin
ED6HREX,TT558BW,admin
K9OV4IX,D6YL7I1,nurse
5FVP9RJ,H0OIZ5Y,admin
OUL71HY,Z7Y79VJ,clinician
XEWFCKX,E88ZLSO,admin
4GRARPP,80NVSCN,clinician
IHHJT3D,HOMPSO3,clinician
DHWD1JG,HA36JFR,nurse
QTI352R,OWM5B5O,clinician
3XXZSI3,WF2GN41,clinician
MIT4PFK,1FVAMA1,nurse
2T21BVO,NLYCRXA,clinician
OCZ3564,K5PH2F9,clinician
UXUYZSQ,07EG6SH,management
7MFYCXP,QGV453X,admin
NMKQLT8,L6ZTA7V,management
1106XQL,JNJ98VL,nurse
FLOEAYU,MDYVOV1,admin
R0B377Y,ELLT2K9,management
2G40HQ7,6XDRPHC,admin
X4RI5I4,VGKKKTD,management
NXRF6R5,8F8GX7M,clinician
T3L7F81,94PVEIF,clinician
76ZCJHW,YPPDGT8,management
P4YSXPW,G3VJ1U7,admin
WP1T5NA,F0GW7AZ,clinician
MDNF1LO,UJ1GXYN,management
N7UUPQV,75TY9YE,management
W8ORXXV,T8OKMBF,clinician
K6VXCIJ,NDTP5EA,clinician
IVO8LD3,YBFMA0B,nurse
RDFYD9C,0I9JS77,clinician
K2U90C8,SMII88S,clinician
XXNE0DX,F90M5QE,admin
OZHGL2J,LKQSJE0,admin
SJVWZM6,VTOTGEN,admin
9O638CG,KIP52L1,nurse
ID5NC46,A8AOCHN,nurse
O7KQ0B0,XR5MVQ8,clinician
FEFD9G9,5U2XO0G,management
B1PRQ2D,ADYJGJV,clinician
8OUPYF2,42XWIHS,nurse
3JOC6HD,PSNN7C9,clinician
RTSY6JH,I9D9L4X,clinician
77DJOS0,32OQGBF,management
PQ1OKBN,K580Z8O,nurse
C2AKFCO,9BHF9FU,nurse
MS8GI6P,RZ13CZQ,management
SDOE0ZK,DWOQCXX,admin
OKWICOO,C8CJ4DZ,management
USH9RV4,LIE8TT5,nurse
GOX6R48,SI5SZ70,management
GSVDVVT,R8ZO7JJ,nurse
4XE4O8H,4LY9XY8,clinician
6VGJ043,44VG8KK,management
X34P17M,BRRPU6A,nurse
3O2DZMY,WQ6W5MR,clinician
ZGFKM5P,431LBJ4,nurse
YS447KC,HU0ORK3,clinician
9BMYF52,M698W0V,management
QSZVLTZ,51Z9RUO,management
0455C7B,6NP8IED,nurse
XT56N24,OPTQ7GX,admin
APX2WE4,63RRIJX,admin
ZZ57O8E,PV0TZ0D,clinician
5J4WQ8V,6N3PTV9,nurse
GMOH344,UHU5P1N,management
QKUPSUG,EB2DDCI,nurse
MFZ0FY6,TT95L9E,nurse
H2ORL76,XFF37KJ,nurse
ES760SO,8HY10J1,management
BL0PIB4,LS3GKXN,admin
ILTEVOP,RYNFRE9,admin
NUH65XF,BWXPHRZ,nurse
IPQ8H82,19YSWIM,clinician
68QYX4A,PLSN7LU,nurse
MGLH823,98A07NP,management
JANPG85,9DUN4KS,management
15EF8DM,HNXBWTU,management
44887P4,635V64N,nurse
YTDC585,4FOJ424,management
XQXEZBA,QKVK4UO,management
VSWWDJZ,LNA7EN7,management
WL8HAWG,PIE399X,management
SCQA7XX,DVLM434,admin
H3BN1WN,E0VTAV7,admin
E3EG0GS,NP90APC,admin
SFSPELP,P6Q7OBX,admin
NF36Z2B,OYEAMFB,admin
6HY7OG7,FDJ8H54,nurse
ZLZBC8A,CD6TTUE,admin
FH9RZ1J,81Z57HB,clinician
3WR4D3L,SB5Q8ZG,admin
1BPTYGG,05FWC5O,management
KG5XXBS,2KSX5K2,management
NETSEBW,CTCKVFN,clinician
HAQWBH2,49JCT7W,clinician
1A49FYC,1YZROKR,management
ZREL4JC,UOTLOPR,management
NBD8QXU,NE2F71Q,clinician
KZ9GIQR,J0JGDJU,admin
D7DF1H4,T7FV56M,nurse
Q9KNKQG,JGJX1G5,management
5E82F3R,Z3Y5Y10,admin
W3J0CE6,4485ZV4,admin
LQRUKLU,VMDXOZP,clinician
W9QDRWF,BBK2NT2,management
00YMOY7,0MAU5P5,management
ETVEGMR,KIC7ZTW,clinician
4EYLC8B,9E6X2PV,management
XW62HVY,I11LVJ7,management
U1G2B42,ZL1WUNL,clinician
MOYLJF0,3KNIX3Q,admin
MA8ZYDI,EZUCUVX,management
U508KHW,JS7WLJS,admin
UTO008M,IVFPPJX,management
PUV7YGV,TNPFV3W,admin
VWZXXME,FPKIEQA,clinician
MP76YL7,9CRI65H,nurse
GOCLOFC,RAOF66G,clinician
J8EU2I3,9H3T6K7,clinician
5BR9JU4,QNWFEEF,clinician
TXXBNFI,P829MZJ,admin
1D8RQYS,KMT28VP,admin
9P7WMU9,NDR6UP4,management
BG91WG9,PGMPJYF,admin
8CVITZD,D4DRZ5C,clinician
LHDDR7X,NL284HX,management
VRXTX6D,D916PAN,admin
3WF2AAW,S8RUDIP,nurse
9U7VCD3,QBQ8RWB,clinician
NN42M4O,HK2IFC2,clinician
7ZPS7V9,K2HY2GR,management
4MSBHCV,YTK7FYI,management
1HJK12P,D0MAUOZ,clinician
VJ6E4AV,8IXYV8T,nurse
6Q5YT3E,2ZUO3GG,nurse
3M6E1UF,UFWQJWL,clinician
9BQJM16,HRQYGQG,admin
G0HW1S9,DMMG5SI,clinician
YL45MS5,GEG4TS6,admin
J7L2YU8,MVGZPXR,admin
ABCN0B5,KADUWGZ,admin
KLGZZZF,HPT006L,admin
AU9R3U4,N1Z3BUY,management
3RFN8AC,WVUF75V,management
NZ3FYMJ,AM3KCO7,clinician
WFI2Q4E,B7MLWC4,management
W1WUC5O,QCW9YL5,admin
GCXWLK9,9GTBPAV,management
E5BFJPH,UYU00QG,admin
8TSF52I,GLJFXTZ,nurse
DNCCDYW,R9KF4VZ,clinician
VYL3YMD,T98G2MO,nurse
Z629KY1,NPOTQXV,nurse
YP5C5Y4,KRR3AVZ,management
MRE56E9,633CKR3,management
FXG1XGR,KRWQJZP,clinician
YKJIBC4,3VR882W,nurse
6U6YKDZ,STGO5QA,clinician
AYO679R,OVUOUUH,clinician
XWB1Y6J,DUQLQBZ,nurse
AW6856Y,YHA5VI8,management
JUGTFVT,KQCYIMD,nurse
9QA5JNB,I5V7SMB,admin
Y4LWPH0,YGJODEU,clinician
ZA34YU0,C5S3HWD,clinician
LVS7K8N,49WEGKZ,management
S4JSQDN,CCH57TD,management
H0S11II,G7ORRL3,management
111X0S5,VWTBZJI,clinician
GTOPM4X,FGMQZS7,management
BI7MD74,MXQALUQ,nurse
446JPRX,K1JQTSY,management
ZY6VFLF,8KH6492,nurse
WIM66DU,QBN3Y1Z,admin
ZA6CWUR,ISXYFD4,clinician
FYJP6N7,YLHKDT3,clinician
8VUJBWP,FNMX3BW,clinician
R3ND6ET,PGKMS45,management
9SSQB1R,MQH4MIZ,clinician
RJ20J0E,GJ8G9HA,clinician
BKTPDBH,AIO5K5X,clinician
ZWTHPD0,4CNPZD5,clinician
2F1V12E,UHWFP0Z,management
D1ORCUR,1GG712I,admin
Y81UBZZ,NIAJB1V,management
959I3LV,T6PVU06,nurse
QO649KR,RG1O3V1,management
P28ZH9U,EUYEZ3J,nurse
PHVUDUK,O22YPHJ,nurse
4B7ULV1,WBWU35B,management
VRDCY39,YD1TDPC,management
NQGNDLU,MQYOJ7G,management
VRWKC9H,QLPWOQW,nurse
J4HJC0J,3I5ENKQ,clinician
I2IJR1R,Q90SWQ1,management
3B9PHX1,FEFLO0H,management
N083385,OXX53MT,nurse
8H9A1UL,1WNXIWT,clinician
GMU7IKI,CVZ7M3P,management
G8AX7YF,KC0QX78,admin
3CQUFK0,XO9BOOM,clinician
0ITRAEQ,YWC6HA5,clinician
HISON27,FY0RCXX,management
WXUVR5S,0NR23S4,management
5X5J5SB,XYYLCK7,nurse
ID4WYC0,KBGMJV4,admin
FSD7BQE,ZXUZTF2,clinician
FMXNDPQ,X4GT81N,clinician
B7FMGVI,BUAXC7V,management
6B7IE7Q,EME6AMH,admin
XJ41O5C,RCS1SSV,admin
4FPL87E,UH6XREX,admin
DR6B4E3,43NAE01,management
4LSD9NJ,GUKYDP9,clinician
3XV8RFE,7UZNC9K,admin
REJHNTF,PDHIT7J,nurse
P2WINFY,5H8GHXT,admin
ZJCRL82,L8V6Z3X,nurse
MHY4LA3,6ZDDOB7,nurse
Y41787L,HB9SANY,admin
9Y9R0RQ,ZN3HEBA,management
DG1097B,NCQ6NSQ,nurse
302HO57,5S5T747,nurse
66QR3Z6,Z9YFFOD,nurse
B0EX6MF,0AZE12N,management
MECEND9,RPVEQKR,admin
JH627NR,P1PVIF6,clinician
7AADSN3,K6AAQ2G,clinician
E966HRW,4MXKY3W,admin
A96BOPJ,8F7TIOU,admin
P444WFB,DFBCF4X,management
UTTUXZ2,UFYC4ON,clinician
IE7BUBJ,M26HPOW,management
R4MDQ9N,QLLHINC,nurse
ND9FIJR,6ASOZSI,clinician
A39Y9XS,YM2U4QJ,admin
OQB6TXU,KJE2279,clinician
41XINQZ,2QKBVYY,clinician
TFZRNRM,HRIJC9B,nurse
59U0O8Y,5C8L0JT,clinician
GMY34Z1,RDMB8U0,admin
DRDMQT9,DULSXMW,admin
8UQK5G0,8M0XND7,clinician
KIPH1QP,V35MWNG,admin
OI4MDPI,OZSI45P,management
BJRI3UQ,ZI4BOGD,admin
M0KK470,23ZIGQ9,clinician
XMM2K7I,UN4KUZY,management
4JZDST6,N938O0B,clinician
1K7QTLT,4U1G9RH,clinician
I5PQDEC,S0UV5PT,admin
WTQIC42,1IKARQG,admin
ZXB8DK0,W5MY5Y0,admin
EPAAYNZ,DO4HDOL,management
OPWIMPU,WD7N7S7,nurse
R8P9NHB,AE5L9L9,nurse
RE1MO87,IVJY4JB,nurse
6SPSH1A,5M8T2G6,management
K0HYPD8,8VN80O7,clinician
I04CTT9,8F67HT4,admin
T05TS0O,VDLTZQL,clinician
ROHHLEB,ROBKH1F,nurse
3GTFUPD,5GO8ELR,management
X3YWI12,JK3W7O6,nurse
9TVO1B5,648Q0R7,management
AHTK2KR,9I40AGQ,clinician
9TSFOZZ,2BNIIZB,management
QUABRWQ,IEUE2A1,management
7MOI1IY,QJO2J23,admin
FSHSYLM,B2GTX86,admin
J17WM9D,33FS2M4,clinician
D4EP8UY,WYA691H,admin
U15EAOR,CGDAB7M,management
GLGZPV2,YKFHW2S,nurse
ICJDS37,JCD9PC8,nurse
AQHY83S,4FVOCAJ,clinician
H0VVB23,FA7K70I,nurse
67LMTAR,3ZHNIBS,clinician
NCDFRJE,NYZFD8H,admin
2MDUB7P,86UF1SL,clinician
R3SB2U9,LRXIWHA,management
A92PC12,Y8KW38I,nurse
8VR91WI,OPEXE09,clinician
LI3OMVB,PTILU84,clinician
1NQ14NS,U2IS12K,management
15LKRA9,5H3368A,nurse
WCZ2XGR,6MKF90H,nurse
0IAV4VW,PHWU03E,management
L0J3DLJ,IO1BMN7,admin
CIZGPEN,S6F95QB,nurse
JFKJ044,FC0RQCH,clinician
1LN6N85,JOX6FZH,clinician
8OZIY0W,TG3GLPV,nurse
CEYL1AA,ONGXGQO,admin
U2U6FQI,6KTSALM,nurse
YGC7HQ6,FY36BJ8,admin
4P6JHX7,X56FR8Y,nurse
R8QOUV3,YP9X1BK,nurse
2IBVZBX,377YVYT,clinician
E8DTZJY,82F96YM,admin
ZZNOI9Z,D939KAB,clinician
WKZ2X4O,M7E0MH1,management
OJ06IF3,K82HJV6,admin
T5DPL7T,58EH5Y3,nurse
8X3AU7P,I9EXC02,management
XBWHLGH,F1UC4GZ,management
B61HIDS,7ETV76N,admin
XOJYVY2,NG0ZGOY,management
BIFJC9T,74CWWB2,management
8O5RFD2,F2PCLH2,admin
MF6D1OZ,V83MZCE,nurse
JKSQ9AW,DSEJ7TL,management
NG8D4UN,5YX2ECR,nurse
IVLA8Q8,ZIHOZ20,clinician
8U68M87,OU8GI7G,clinician
VPWCFHQ,TNZ84VF,clinician
XK7W0RK,2PMD5UP,admin
6817JU5,P2LZA21,admin
7RU8WZJ,ENXTQU7,clinician
UA8MLF8,HSXJB78,clinician
B2GCE8K,UZ3US0K,management
6MLPL4F,MJ7D946,admin
L6HGVM9,9H7CRJD,clinician
QMKN2L4,QWWQ41Q,admin
CAFLNW6,PZ3BZB5,management
TRUC422,W4M69I1,clinician
HBWUN21,WR9N04L,admin
5FQGQA6,KZF23AM,nurse
4J892WS,QA54I4M,admin
GMSUJEF,AMPF1DW,management
8S3NPHH,ISRQ18V,nurse
R6QHV32,3EI7M40,admin
BE1XOBD,D9BZNJH,nurse
IHJB7U3,14P5A0G,clinician
W0ZW5WZ,4ZEPVSL,admin
O62QGOX,F043EFD,clinician
PBETKF4,D04DPFK,nurse
UZ5JV4K,2XS4SCE,clinician
CEB10Y9,4ZMFK6R,nurse
50WZVBO,X0WZ7M3,admin
6MXLNMA,5LIYQPV,clinician
SVTUBMF,U2SW2WJ,admin
7561258,DRJI401,admin
SR2LZOB,58HGM1B,management
DEBWZMF,Y9SREU7,admin
6KMZE0S,FU90IYQ,clinician
8CTKUID,XHNLV0S,clinician
7NUCRIH,L4B4KNH,nurse
1GMNGJ5,DXS7NAS,admin
WKF5RB0,VNOAG6O,clinician
YXIV4RQ,AZSAILG,admin
WD7C1GS,VCWXDAE,management
Z658YMU,ZL0XV9H,admin
84A9302,KL58V0V,nurse
WO9ICWR,QW1KG3K,clinician
Y4YQE40,VF7E22D,clinician
VTV43PI,5AZ9FZS,admin
V04K1PU,XBBWVY1,management
7UKON2X,MCPZ3PG,management
64OGPHD,IJXUFQ3,management
QG652KJ,V3GCMHD,admin
DGOT6MZ,SDAQ7V6,admin
8UXWUFU,6PY6694,nurse
B4C83YF,IRS4BUX,management
2U1E1YA,0RQBGFR,nurse
XTWFYKE,M0LND9C,nurse
J4AU2C0,8K0PUBF,management
9YVA9GN,EYN07UP,nurse
DKJGFOK,9M4NKJD,management
55UWJCV,U2XLTS4,clinician
WVNWI32,BQIGW2W,clinician
BEJHRJJ,EI6ZDVB,nurse
41IGCHS,O10NGVW,management
5X24TBC,AGZDDE0,management
2FMLWSU,IYR4AT8,admin
7T71Y6A,DWQMOS7,admin
0W5L0JB,IV3YUMR,admin
TY979D7,EQ6UTFW,admin
P3JBH6X,5MMGQZ2,management
3EUCJAA,H311CK9,nurse
X3IWSE7,P7XRYL1,nurse
9BXDL7C,3UEDMGM,nurse
RGQ5ALY,0BJPXO1,nurse
H6ZF5WN,G6HCKFO,management
NN7C78H,3IMAZ5B,admin
KFTN2YV,YZBA00Z,nurse
6373UE5,3Y7V3P8,nurse
976IP28,TE9MURI,management
QN875S5,OP5RAV4,nurse
K9JGFA4,13O39BY,nurse
QSMOG72,Z8UHLXG,management
2HFXVDU,9S5BMH9,admin
D7DD042,BNFZUXC,management
35MJ16N,ALUJHVB,clinician
P6QGA4O,2F3Z4HX,nurse
DF7I0SH,EW27SUV,clinician
0B4U5UA,IZRA24I,clinician
L67TGA0,KOHCEWT,admin
JEM4JV2,RNTCMDH,admin
5V5P2I8,P91NEWG,management
AVUF5G6,Z9G11JQ,management
G15C9YG,PUV5K6C,admin
LCHVMZ2,C6JLA30,clinician
LH8JN0I,A85SMPB,admin
XRWBE3G,SMLFWJX,management
TW8D4SU,AFHEW10,admin
F0T005Y,12YOZYW,management
IJHLNHR,OOH2XE9,admin
1NNVVL9,KEFVY9T,clinician
SAXJWAU,YC3U1K4,clinician
RHR2M2X,625OFA0,nurse
YE3BYPT,521ESTP,nurse
1N58QC3,YTDQV0T,nurse
8MT467T,JAEA549,management
0DAGPCJ,8MUQYJB,management
EJBOMNU,HMREY4H,nurse
Z5NE4YH,8QU9EKP,admin
2QPKJD2,IT0BCZT,admin
YLC8R5O,GMWRNQQ,management
GOFNZ5D,1BGMX1O,management
K2VM8KM,0HZUJJS,admin
ATC2TE2,2K6PQZ0,nurse
ZSKL368,RKWHW2I,clinician
DQTC3E3,SAM2H61,management
UIAA7UC,GDSDK1F,nurse
TO2HMCH,O8J2VNX,clinician
M4R0VOU,AWY0GLP,clinician
5EKQX5A,ST1WD5V,management
8J7188K,GS4NPUD,management
34S6C8Q,PX92VC9,admin
3Q3R1CS,PF0LHS2,clinician
XFQZ9L7,QM8OHJN,clinician
T382BJP,ZZMBIII,management
599SQV0,ZNY3ZDW,nurse
SC5I329,BVSX0IU,admin
LXW9OXZ,I9TJ5VC,nurse
50NA40Y,HJQ51G6,nurse
B1VWJLC,WAIVA70,clinician
9ZWZZ1R,F7K2QGA,management
T7E135N,CV9G05U,admin
P86WMT8,REVXF1T,management
ONK1ZK5,N1E2U03,management
O7FG6S2,EQI2MWV,clinician
FJKJDLW,9B3W5RN,management
9VATJVW,3CD5EEO,clinician
F226N0D,416AD11,clinician
LVKXFY1,TQUZ814,clinician
64GO2QA,768WIDA,management
X5I6JAX,7HSG903,clinician
WPLK8MH,DOV17TJ,clinician
38IPZGN,1I97BFV,clinician
NFWW6WB,VUCNLRR,nurse
EYKTJLZ,6D57GDC,nurse
9Z5STDX,4JCEFMA,admin
DJUP1VH,C1P7DRJ,nurse
VQLGIRW,ED65266,admin
PD3K75Y,8KVD1WJ,nurse
2BGWYBY,JHU5ZYX,management
FCBTPXO,86Z1KB1,admin
69EN9GZ,AM4O77M,admin
RHMZ25A,40AIVPK,nurse
N9PV76O,ZH0VE9H,admin
Q3K9QGK,S3XWGSP,admin
WZTNGVJ,NDIXGY3,clinician
WS7GBDU,1JFOJF9,admin
4HEY04K,RDMJL4C,nurse
9X25I46,OP80HFB,nurse
2NDDN5Q,GP9Y86U,clinician
9P2AGF7,4NKACOK,admin
AJFCMR6,BIC0L49,admin
ISG7027,EJXMCZ0,clinician
BN8Q63G,00F08ZY,management
TJZ1EXU,H3BWM38,management
4MV7KRG,LBIL0US,clinician
KPEC2ZV,OI9QJDO,clinician
W1I3KBS,PSN08SH,admin
W2AMKWU,MIUKPW8,clinician
PKPF3BG,VZ5DHX1,management
XT2RN8Y,AMEXS6Y,clinician
737VYMW,RP5HRYQ,clinician
1DAR6YI,X3B3MPB,admin
EWF1NGI,WRC389I,clinician
WQ6NX7U,S8HPGPE,clinician
NLMOJC3,T19N07L,management
7YE2II3,QCG8FJ6,clinician
CSEUXCN,JA2T8K1,clinician
M14HNEQ,PEBNP33,admin
OMY1K2N,6PF0T5V,clinician
IVI33AQ,J155GK7,nurse
9C3JF1M,3BI1OYM,nurse
E2QW8CZ,WGGREFK,management
4GD5N7E,FV47L87,admin
R1GWOK2,2AMYOWW,admin
610LH2T,RY4ZJWH,clinician
4BHEA4F,OXAIS6B,management
IST4HPG,BWI57OZ,management
ES4LXGU,OTF9CLW,clinician
T5AJGS8,GXCXFHB,admin
4F2RPF9,VJP3BH7,management
YM58XE4,BPMG0UG,admin
A30AQZ1,L8J8Y96,management
8SDYRNM,D6S7GFO,clinician
QUYYS13,N38NWS8,clinician
XYOBXMX,XOXWEWE,management
CXA4EMS,YSXE3B8,clinician
L36KU4F,SA1MRH9,clinician
E4N9KAH,TW98YW0,management
5TVI2V7,J1TPY4Z,management
KN2T74M,DG6WTRZ,clinician
XKL9DJS,1DWRHCA,nurse
B1S4R7J,YPY10WD,nurse
9O2TCW3,SDDR9TA,nurse
VWUNHF7,4HY2X3H,management
OIVO2AB,WHF827L,management
S917H80,YT14EWI,management
DT264JO,FM3UQIQ,admin
A03R4U0,J2DO2M4,nurse
GIOZ7FM,29ZBKLC,management
0OAAPME,ZT2A18G,clinician
2670TFT,QVAMK5B,management
U5AH9A2,HEWH8IG,clinician
VY3BUEX,I4LIIYD,admin
RG5ERHI,XE6NOAM,clinician
J7DXYZ6,3N8XHKO,admin
MQFZIYU,VL72WWT,management
TUSTG5T,4QYSFSE,management
Z4SUDXN,5BPYFIZ,management
E94Z91Q,CBB1R6D,nurse
9ZU5R47,0DRB33B,nurse
LGGG75M,HM1HWNF,clinician
OD8GMVF,JOI7H60,nurse
4NK49LC,ZMFYK70,admin
J29UIVJ,Y1DO4GH,admin
U7BM4GP,A9VB49F,nurse
TL5C3L7,B4CA1Y8,admin
BW75EYP,C96FLH9,clinician
4GSGZ7J,CSCBAU3,nurse
GHWDF5R,LNFIYYX,admin
YBWNT58,G71NSEE,admin
PLMBWJ1,CMFOAK7,clinician
FFK9U89,PRGDNTW,admin
MCRYEW1,GNWB83P,admin
XW0XRE6,64S74ZM,clinician
GCM5P7K,ZSJO2QZ,management
3KAP1VY,UED3X7W,admin
3O11Y83,T7NBTQD,clinician
QV9CEOM,UB0WGLH,nurse
DHJ2DMZ,PLC3XLL,management
GR2ZG8K,11T3OB3,clinician
I0HZIPT,LCNH916,management
ROLWEX8,8M43D0B,nurse
DKZ4GMU,08JC362,nurse
UWNHU4S,O18KZX7,management
0MVAABE,SB3B9XX,management
29K7YM4,HUBUWR7,nurse
5NV07BM,THJBY8A,management
CCS152T,WUJVN4Y,admin
D78JZ3L,ZIU1AS2,management
QFWUOS0,ZK8HM7W,management
WV1OQR4,LX7DERE,management
462JX6O,86LH0KT,management
4CV302W,3TPJA2Y,nurse
66BWK95,415MUOQ,nurse
98Y1G05,NN2SGC0,nurse
YGXR0AQ,FGEQXVB,admin
DMR8N5I,ZX61Q1I,clinician
T3HKRQK,8693Y2V,clinician
QCP1P7O,G7ZKVTT,clinician
2F4CXSD,E1LGPR8,nurse
94T3FV2,F5SW6UV,nurse
HH8TLTK,5W7NOLT,nurse
XYHRED4,WB753E4,management
NRS6XIU,EZYFXS6,nurse
62TPQR4,XC3Q3V9,clinician
582W7J9,P99NL3F,admin
7AT8FZ9,9VLW5MZ,nurse
0A3GSBB,9PP24YY,management
81LN3S0,A6U08S5,clinician
BIS5JNV,U2QOMS9,nurse
B7I8O64,4835H4J,nurse
MH063QR,HTWN2ZP,nurse
MRH8C45,6OSO1WP,nurse
WKRNQZ1,8XWGBMH,clinician
Y68BOUE,UGK5PBM,management
2RK0FJ7,K1XAIUA,nurse
GI0AB59,SZZTL4Q,nurse
Q68CZKX,LT7IUCB,management
EVEL9J1,RKJ12CM,nurse
3166GSW,PVN9HG0,nurse
Q4W8WFB,MZE4XWZ,management
6350VQ6,5MOQYZN,admin
UJXQ6RN,TBLN2H5,nurse
M53VT17,ZISF7R6,nurse
T9H5O9R,B64SJWD,management
WV5VVXD,Y8PKDO9,clinician
M4VOD87,Y0Y4XZV,nurse
Q6EYA56,2EM3RYF,admin
YLKK9NR,O16Q0QD,management
C41M80A,SJZU3SC,clinician
AZN13OD,I1O003C,clinician
O3HZS6G,W81UPCM,management
XIUUJOB,Q83QE71,management
98E5SW4,0YUFL7T,nurse
2LYXIR1,DCWGEAL,clinician
36DC1PZ,LEOUJIO,admin
TDXQAUG,S1HSN1R,nurse
DBPS2DS,N5A3NEK,clinician
H4SFUYU,HIH749Y,nurse
5CH6A21,PD9UJEE,clinician
XCQAPIZ,YA4AXTE,admin
23ZV8RC,7KVCFNS,admin
5O0LQ6W,GWHUPUK,nurse
UH4PGRR,RS7SJV7,management
5GKF4V6,1BF6UCT,admin
SX14VUW,N1T0CAU,clinician
CV4VJXD,NZZUKZD,management
TEGVLN6,VS0S67R,admin
JQ9VDHD,UBJAPQO,admin
IYTQKTF,2IH7ENB,management
H9ANKOR,EZWM7J7,clinician
WEB557G,OM210CE,nurse
GJ3JYPY,9DMUJSV,clinician
Q41RSVZ,1T9003H,management
2PQ0V2M,69GJ9O9,management
S4X05J5,57TGGN8,admin
FEKWUYQ,N3D6BDX,clinician
ED2SJ1U,1ZF3CSY,admin
APLIEHH,WBP18OF,nurse
3HV3TU7,8RL42QF,clinician
9PH9UGL,04XUZMW,clinician
MC4XJY4,R21BH5C,management
B3EQBEI,4C8YXLB,clinician
DRBQRN3,0OO96BF,management
JVPM2PT,XNVK9Z5,admin
GCOLR2F,U0S4RN6,admin
Z9J5N4Q,9FTT1RO,clinician
Z95NKST,ES26DU1,admin
V52BQE3,I2WHJY4,admin
MTEFLM9,4YRN8ZM,nurse
GRW27PZ,CQRCJU4,admin
0N1YOZ3,DP8RCVU,clinician
OWUABGF,DF72TOS,management
UN0VKAL,0ZWPE3E,clinician
CVPAQUU,WXA6AXT,admin
8FVDZHD,P2109D0,management
UOXB4JJ,VK0ECY3,clinician
858BZ9G,2I4YKWD,management
Q1YEG1I,3E4HCIF,nurse
QE739IZ,BQL196V,admin
7ORRL7S,BX5UN0M,management
56W17OV,Z9YE45K,clinician
DJ282F4,N27EW3B,nurse
24J4D6A,4NWIEZZ,management
YMYLKAD,BF5OI5X,management
9OXZOCS,NK0LF9D,clinician
MYP4TJ7,US7620K,clinician
X4U7R6C,JZ19H67,nurse
GR3ND1D,8XLKJJS,admin
3EZQX14,6BT5KQI,management
XBKVUCO,3CY9HA7,management
ZFJVE2D,1S87C89,management
8V9WQPS,LKKG4IE,management
OZZ8QR4,N8F8GUC,clinician
MQV6DSP,7VJ1R6V,nurse
1ZZE6KC,PJEE9VL,clinician
X0RE7FI,KMNITC2,management
PVLL7E3,PCQIRRU,nurse
RIZ79JF,54VTVFC,admin
EUPJSKV,SM5I02Y,admin
NMH7ACQ,MKZGLYI,nurse
9QSXN48,9TSDABG,management
67JWBCM,EOBS127,nurse
3TAFTN3,INZLQTI,clinician
K3QB692,8W3KKP8,management
XXTWIGS,1438LBF,clinician
JJ9IK5F,0DFAE4T,admin
9880D75,R389M8N,clinician
FZUFMSO,OJ1ZMPS,management
Q3U5MYX,RW9LT6O,management
Q3CUDWP,D1QP33D,clinician
P3BS1BM,LIR6QZJ,management
NLFP6EJ,ETSE8KA,admin
ZM5SE4G,V1T0EXC,management
5POFA6N,BU6BXYN,clinician
7Y8AU1O,B8F6VW2,management
OL3I0JV,JQKVRRF,nurse
STFRT3B,AUYK7ZS,management
5JGUUZG,K66MJ6B,admin
YZNEG06,CY829GZ,clinician
Q17Z7JZ,5Y247C1,management
ORJ7DXM,WO4PVHU,management
M45C022,20AW6G2,management
EYX2R5B,3TXDEOF,management
3IB160V,YDZZOVV,admin
LCMS16B,69HIISP,nurse
7SO86J6,RC7EIL4,management
K9ARFM7,P5VU1D9,admin
KMHT5F9,2B3N3YV,nurse
J79OTI6,M2M4IYE,management
6TUGYWF,C3OO83A,clinician
I4S3C1J,TL8AL5U,admin
Y7OKAS1,7S312ON,nurse
BX2OLCT,C4K7A8X,nurse
KX972Q5,QZT85EH,clinician
AK2JPDT,2KV8HTG,clinician
6NDUQ4Q,F81N6C6,clinician
8QDWVPI,4JZADD9,nurse
UG4RI0F,JTKSMBV,nurse
ACPTTBF,47EP8Y0,nurse
AVB8QMI,RQMEKU9,admin
QQOSJPG,7QP31GO,nurse
5ZC9FCG,6J14R03,management
FX52JJK,DURK0KA,management
4TVQ3G3,LSSOL76,nurse
IYIXXON,DAQQJFQ,admin
6A8X5S2,7Q4YEHY,management
KDAAX5J,UCR98B6,admin
5AHA25L,4RPD3HX,nurse
VQ0WZQF,GC0PPKW,nurse
YXHKERP,JF6SFKE,management
6HM0019,CN0XNW2,admin
WD3ADZQ,ZR016UR,nurse
X2SWIQT,3N4SLE7,clinician
EFCIV31,O58GCF7,admin
SCAWIHX,0PQWDKV,admin
4DKTI8W,S262WSO,admin
2BFGE4J,QKUL0MR,management
PWUXM6Q,OWLB3ZJ,admin
XOQ7AKN,7UFUNAE,admin
Z9WXLGQ,L4JM4QG,management
A0Y8HG3,OB6DON1,admin
GIEJGQC,C4QYLMY,admin
FFWYD14,CR9H2E1,admin
1M0Q1L0,VE9OYSY,management
L90WS0P,6Q8MPY3,admin
YF470AK,LP0ROFJ,management
W3JKL3Q,MQXTS25,management
CPB3MKV,GX2VMVD,management
FLJT4IT,W609F98,nurse
SV96C1I,GXX6ZPI,nurse
IIXO4X3,3A65XYL,clinician
FG8DJIX,MMJRVSZ,management
E9TJD4O,4XO4N36,nurse
C0KT3VA,DXATCES,management
H5TCHZT,ET7SW53,management
375CFE1,FI8OTA7,clinician
GTOPPB3,702PHKM,nurse
C5CMUBC,UW00A95,clinician
9XWOIEJ,6ETP9ET,admin
ZWP69A2,HWTO172,clinician
YZKQNOT,0V1TXXA,management
3SRRUHB,J1HP7QE,nurse
GP0OXMH,WPBZV9M,management
GC5JFKT,ELIRFTN,nurse
C2EZQ10,EMOE1XV,admin
XP5TL1N,TAPHV44,clinician
R5VU93E,T89JUK4,nurse
YDKNYCS,LDHQW7B,clinician
7SWWF3B,G9783R0,nurse
T3EPJGE,GWFBWZR,clinician
8TZBHLW,CPWK9V7,clinician
AWZ321R,MJHDMLV,admin
FO66X8U,LZH4BK5,nurse
FJJ4VHQ,YZ8L06Q,clinician
N0M93SY,GB4ZVVU,management
YF9G97U,ZQI4KMO,nurse
VLK0F5N,AFLEW2S,nurse
MSOY20T,8KUUC02,clinician
FKTY8OW,L764QVP,admin
T02XVSF,5CH6CIG,nurse
WYSRZEF,WEY5Y62,management
7C7KUP2,SRBCSG3,management
TD9K1KN,LVLXGIL,admin
KXUDZ62,G1V622L,admin
LGCDO3H,N2C6SPE,management
OBMNAWK,KZNZ9CF,clinician
ZAVT69N,0VPM86R,clinician
ORGZ7SP,IT00SZV,nurse
RB7M9ZW,Y9ZU12T,nurse
O2426IG,V4DGK14,clinician
73WZVDM,0H9M2HX,admin
B1GQSIE,4S3T10E,management
BHGUTYV,8XFEKTF,admin
9DOAH0R,FXOO31C,clinician
33NBJ10,RCX3AB7,nurse
CBA7NQ4,PO5D4W2,clinician
Y0BATZ3,IYPFD7H,admin
5S1PRZY,OR3T1QT,management
QJMY6D3,1A7T5JS,clinician
VLNILF6,OYKDOK9,clinician
MOEXU6U,EM94ZSL,clinician
UYK0PI7,ITLDI8E,clinician
BQ4RCAW,BYF1EWI,management
Q9GVOD7,HYW14BP,management
ZWIY6BH,KCHZCU4,admin
I4YM0GU,YXF05OK,management
CYV3OEV,5IQ2OZI,management
NV2D9MW,P2QNS21,admin
4YYRTLN,ZARC8H4,management
VF6XALR,7EOIW3F,clinician
44LZKTX,YPZN8QA,clinician
9YASYKK,SBVEKJG,admin
GYNARCP,HUDB1OV,nurse
UD6NDPA,OA3R55O,clinician
G20789M,ZSLXLXX,admin
52AAE0G,2O3AQ5N,management
ASWZ2DV,Z82NB1Q,management
T1DH1CI,3FTR1Z6,clinician
4PYINZC,V8QH8AM,management
5ZCXG50,INS5YXO,admin
TM9M1ZF,D1HO5EO,management
CJT1WOU,NTKLYOY,clinician
VKN01KV,S0M400R,clinician
EW3JQ2A,2EQ20CW,nurse
6CMMYFW,84T4799,nurse
9IF76U4,1C8E2C2,admin
M11BRH1,QTD037D,clinician
S2I9S54,TW2T0NN,clinician
LZ0GXWR,WW0J3VX,nurse
2FP0IW5,TB6DELF,clinician
R1654MI,BQF9LDG,clinician
9515UFL,O2940ZN,nurse
2TL1R3X,5GQMK0I,clinician
JY0ZKUR,OIFHBNQ,clinician
S0AHV80,SX98GTC,clinician
XP4MX3N,WIG15GQ,management
MMKWNI4,9QG3CZD,admin
6M2EFE5,5ZXISYQ,clinician
9L6GTY6,QNS6CXE,admin
9MYRMBY,183XO6T,clinician
7N5RWQJ,6OFHIVW,nurse
LT9YRRZ,PE1T6TQ,clinician
DCFSNWC,O1SRRBU,nurse
LE0AFZM,FGNMTCU,admin
297HTNL,9CI3IAL,nurse
QNEPOH5,E9TLSCC,management
74UWSSN,5TMRR3C,admin
1XTZUNW,X97CG92,nurse
L6HCV5M,2E232LD,nurse
PAYJLP3,8XPEPGR,nurse
JKAR8SY,VF51BIN,management
XH9JC9G,FK0RAC3,admin
7WWPMVQ,UWYG2V2,clinician
NTILUU8,BL6CL7V,management
XG6IN52,9SVUVDD,management
DRCK456,SQMCRE6,nurse
399LTHI,RJ20XY9,nurse
YDRTUD4,PPL3K95,nurse
XW8JJOP,5745HPR,clinician
OTRMDTS,Y8ZG5H8,nurse
ZZKXA5G,MEP3CL4,clinician
UW6XTZ2,HVWS079,clinician
Z1B0YA5,SWFAOBE,clinician
55L59V6,YBLHJC0,management
VYN31B5,5TD9OO0,clinician
TG5KEMT,FF1ZCM6,clinician
S1FA25H,CVHGNTQ,admin
TA98D89,D2XXYKI,clinician
VHQZJAP,QLWPZHI,management
7C0TUCP,Y78G1SU,clinician
6QQSOW0,IEI0M6V,management
LHJ72YC,WGEOZFG,management
N8NBBTN,WFQEEJG,management
9QZZ16P,AHY49PH,admin
3Q9D64N,IACVBW4,nurse
JZJAOSN,A8KDXKP,nurse
2CRRI5H,2M0IM4G,clinician
DNLNKP1,V9OWCFM,admin
LS110YA,MVQQ99K,clinician
KYCPHC6,SK3LCKZ,clinician
HQR6SHJ,CP6VHJD,admin
CZ7LNGY,G9KNURN,nurse
QEBS4UU,0OEF9IB,clinician
DNA8MWQ,8HP9GQ8,management
3UJRWQI,TIR8X7W,nurse
TRWV4LP,J2L31ZP,nurse
5GN7SK5,D3751UQ,nurse
6G9OMS9,SQHZKY4,nurse
P1SUN1R,7DVPZRO,management
KIGV8QH,YFC55VS,clinician
TTZ1F4P,RNIH9QC,admin
W142QEY,SVYNQYE,nurse
6ELYP2X,1MG0HIU,admin
PJTVW7S,L049TQT,admin
DJCF294,JMCDUJP,management
D746WKV,87VM1QN,management
8R2Y935,MH4DBU6,nurse
LB6RWWC,Z9ITBMK,clinician
T29XIKV,YAVTMBE,management
W3MZ4ST,4MEHQPC,clinician
R70UJBN,GIHU7I2,clinician
9K4LBQA,4P8ZJGA,clinician
LM1B08B,RJYNPY5,admin
PVBWLUG,YJV6KHR,nurse
NHJ6VX3,8IM35I6,nurse
QZKISBT,AI5N6JE,nurse
AS2M54I,0FMLH7U,admin
UWV85SE,PI3IYLA,nurse
8R5NM5G,UFCHKKG,nurse
QBJ51RK,P1Z3AB6,admin
OUTZM33,ZYIY2SD,nurse
X9YYOHT,E8ABP00,nurse
QRF9KY3,VZS3UNK,management
DJHLEX7,ZV5E21L,management
L9H11YV,IOCNNB3,clinician
4W4XCV5,M0LFWVS,clinician
F1XE1DK,YLCEXIK,nurse
8MY57XJ,9FFK8NA,clinician
E49TEXG,BQNHML9,management
92Z8FCY,ER8B64S,admin
5UIPGPL,BF8619I,clinician
39CQL5Y,YQJ64RO,management
R3AZLJF,NCIH2FJ,nurse
TCR9Q64,DID68IG,clinician
WWB41GQ,7AYA19X,clinician
IO7I4JJ,7MP25BH,admin
RLKHIQE,3ACT81M,clinician
DIAWB8W,JLSY2O6,admin
2RDWROZ,9EO2PQ8,clinician
TKW3YVF,4TKXQ4Z,admin
KHZ7MSU,5ZCA0OE,management
3CHWY1B,PKA50AZ,management
N6LI0LS,VR5DYNE,clinician
ACZBFQW,ZOU2P5N,management
G1VQDH6,UQQLRQS,admin
7MZQFGA,7KGYWIH,admin
PAYTNIH,7N28I8A,nurse
Y6HSWRK,ODIPM7V,clinician
ABCEUSP,4C49DMB,admin
UEX5XP3,3Q03WSO,nurse
TI22JZ1,DYHGJBA,clinician
Z5OIC59,SRTED2J,nurse
VBNQ10G,C89POU0,management
05OZDUT,8EDRVPT,nurse
WL9R9SG,O4HQQ32,admin
GEWMDJ4,HHI9RGX,admin
QSZ8SLI,0XPAOU4,management
CMZ1PVA,G025KHA,management
DH39LWD,JH23CLO,management
AYG9V6P,P0JXC9Z,admin
RX67YD8,6TJQF2C,nurse
4EXOZNV,MTM9A34,admin
4935MWH,GHQPO19,nurse
5XYPKW4,NB8V4WB,admin
RRYSPGO,KMAP1JB,management
M7KY7M2,RF1S3CY,management
DOCHHA1,XMLFQ0O,admin
8MOVBY4,JLPNNWZ,management
GW92X7L,B260WHC,nurse
1ZWZEG3,58HSSBX,clinician
QKGQ112,K9KQ8IX,admin
D6NZZ23,S94XLY2,clinician
W03BYPU,ED2GZH3,admin
ES1E6OG,ZHLA8HV,management
OJRXEFP,QX1KDNI,admin
2S9IP7I,16UUSAF,clinician
PU9ZLBN,GY58SEA,clinician
GFI9KJ1,G0ZEG11,nurse
USVKW61,Y3SD7CE,admin
1TEF98A,R6ZE4ZV,nurse
KU1385F,UQWKBQP,nurse
ADPYJFG,8AATBTH,management
EXH0BMM,BWTUYZL,nurse
1KF7A2J,31PVCKY,management
WSYVE81,DPP713M,management
Y436YNK,OPOZ4KR,nurse
QFBQTWM,JQBZO6E,nurse
QPFUPRJ,VF2U63P,admin
1EPVEX6,844VVTO,nurse
P9QVV3T,SA2S7FF,clinician
0M48KPG,2S8HRPK,nurse
82U0I21,Y4WLUFP,clinician
8F441JN,ZC46XKN,clinician
YYG73GF,5YRX4ST,nurse
3YOUCPY,3PX0NPK,nurse
MXW4P2T,R7KMXFZ,admin
AK4FM4O,0WHBDZB,clinician
PD78Y64,SI3UIZ1,nurse
EJ16ZZ0,88ZQUQ5,management
V3COX7Q,3RXGKSJ,nurse
1CW7ROI,R9792QY,management
SHIUIIU,BEEAMPN,clinician
DE1K81Q,EPTUT44,management
9ZNLIO5,EU1Q0MS,nurse
J86LGL0,DPYYZIA,nurse
ETVX6T3,W9Q2CMO,admin
VVTV1DP,2KEGN5M,management
5T3ICT4,0XSKQIU,nurse
95017B1,XCLJWYB,clinician
Q6JCY4C,7XZ4X5Y,clinician
3WVG1ZP,JY7RZOQ,management
BYWXXXL,LNVD3CE,management
5MA63DK,7ZVY30J,management
UP8RQ9U,7GZMDND,admin
8WSDATS,ZZE1EWV,admin
FHEFM1Q,MB12O0M,admin
WBN7ILE,S74IJ6T,nurse
RNB48X3,SZAYKXZ,nurse
2AROP3L,166V2CL,clinician
WWFM24L,727JFEG,admin
KJAJ6Z5,ZEZAF74,clinician
HJ5ZLIQ,DBE5XBD,management
4L8WS50,ALLKBHD,clinician
RPGAS80,TIDNS7L,management
92YJ9BF,W797YV8,admin
5T37842,0XV63I0,nurse
XZXPVR6,WN1ZV3J,clinician
ZH3X6EV,19AH3UJ,clinician
U4KJHT5,HYWV8DQ,clinician
6ADG5DI,TPJD829,admin
2T26GYK,DY0VHF5,clinician
5NBPZ2E,M424KHT,management
QLP36S8,F5742YP,management
Z125KRO,0W6FXH5,admin
LONE1W6,IOFRZ9M,nurse
EKCWP69,L7MLUGY,admin
VAUHEMZ,DUBC3J4,admin
8RGFQ0V,IOB7TGY,nurse
FQ2F1LM,OOMA6HZ,management
YJ6ZZK3,NOLFPVG,management
APM4H9N,C3Y27H1,admin
KME2TQE,BKTWJPG,clinician
KERX4XQ,6D7SZY1,nurse
81QQAVY,KX2HJ49,admin
4J2TPN6,8QKA080,management
5C7IAOE,K6IOQX0,nurse
J5SE7DF,2YYHW1C,management
K5XNCE2,IAB6O8N,admin
N3Q4GWA,H04MVGF,admin
71PYL2K,SKUVSIM,nurse
PCBAOTY,92EWNTJ,nurse
7UNFUYC,Z0MGSZP,clinician
THS5ESZ,1PVPYZ4,nurse
HKR5DNE,ECW1X9K,clinician
T6EOHJN,TZ6AOG0,nurse
2BZZ4UU,ZAWTAGF,nurse
UMZIZM1,WZIX6U8,admin
G2FYLTY,Z7YRSV3,clinician
BV70G8L,EUKDH9T,management
VX2KCW1,1VXTISI,nurse
UH1C2L7,JLILAEJ,management
HDVMN6Y,EC74KDG,management
LG3I0Y9,JKZ0GD1,admin
M8VVBG7,WQSAG0N,admin
CR1C9KD,S2BY0Z4,admin
JV1JATG,9U2FOU3,admin
HKPFYR8,BSSK4X2,nurse
U5MOZ3E,8SSZDZQ,admin
5DNGC66,FXE915V,nurse
5FZ2TLQ,XIHWM7K,management
KQQJYGM,LMSHEKZ,clinician
VKSKD53,TLS2KIB,nurse
VAG6UK7,2SC8PP8,admin
6HDFEN1,N36SDPV,admin
5PL0FWJ,HVIGDU4,management
NJC4RIZ,WCODGRL,clinician
2VRLQIA,IWOACAD,clinician
MR2SQNV,8P70LSW,management
FS1A5Y8,59LNP2W,management
B8BSKKB,R5GVG94,clinician
KX95O1N,HXCCYH3,nurse
V18LI1Y,8PL6ODH,nurse
YSOUG00,M35YK7N,clinician
WI2ZPGM,U520X23,admin
REP8GOJ,GZPYGP7,clinician
TD2XTR0,0OX9F18,admin
UEXDMAT,CWSTD7R,nurse
UNTBVKQ,TD4YPT3,admin
6SQDFJE,COPOXAU,admin
ASCDL1X,7DP93VF,clinician
Q96ACRK,8DOLK19,nurse
0YMYCEX,M0XMFBE,clinician
1BX5FHV,84LKQY3,admin
T635N2A,DDPRNT6,management
OQN30HU,GHFD0B6,clinician
QDKBJJF,4CW6PZO,admin
199M1GQ,D8HQ93I,clinician
ORUOJNF,SMC781J,admin
24NFC15,3BL0MFN,nurse
H3JXZRW,1153TNW,admin
NMAQZU2,F6BTP7L,clinician
3NKP7IK,F751L0P,nurse
7ZU5ED4,WCQK186,admin
ZK2B3T5,Y6KF3QR,clinician
0EWFCRU,FPDV86R,clinician
V0LOMBP,R5OEFSL,admin
5258ZLE,RU5C95E,nurse
GH4II5Z,RXXSHQ1,management
1KVCO5Z,V5OX1KF,clinician
AF7G4X0,8JJ2JTN,nurse
4MLWNKU,GDR5CZ3,admin
59QX7UM,TJNOFNU,nurse
XBO20Z4,VIBSMXN,admin
24E0AE2,ZTMP6Q6,nurse
T6V1V77,40YZAJX,management
UKSIQHU,JHGV7KX,clinician
QLLSRY8,9W35SAF,management
SHF22PO,ZBV7CB2,clinician
2MD37FW,66O9HOU,clinician
E3PVBPQ,SF4XMI2,clinician
81LHNSP,T1IGYIM,management
A6QM4LT,ZCEG22P,clinician
ELB367X,Q1QU23P,management
K4YWC7W,L1Y9CJ0,admin
MPTYPVP,FFHRIGW,admin
7Y7LV50,UL71BZU,admin
XTAL96Q,990XWQN,management
CHGWCUS,OVUWZDD,management
1TNXY6H,P2NKU1L,clinician
1Y30N8T,VBQ1XLL,admin
CF8WDQ3,O5KCVPX,admin
P4QOQX5,WZNALKZ,management
QKR7QVJ,F8PD821,nurse
J6MXJDF,EL23GPD,management
YBXDGJP,MB4IC5H,clinician
0XCUXFS,A1E1I5V,management
7YUF0KL,KUQ1CNV,management
XXWJ390,NJA0LTG,clinician
XA1ESXM,T2NI8VJ,clinician
UH5CCBF,WOE6KK4,clinician
1W3FJB2,5X4WI6T,admin
UGEQ61F,1OVAY37,clinician
ZY6R3ZJ,6FQ7FSJ,nurse
9XXDYY8,TFT51JC,management
SLQLBGI,NMFAW5K,nurse
XFRS5NA,LI1YZM5,management
CPV7LHQ,HA1ILHW,management
KTNQFUZ,EHMDL8I,management
JCB7AI4,1U5QWPP,nurse
MVRDQ2O,ZQ2CXD6,admin
KFCUE5N,G7KRWTK,nurse
Z97SZ2E,99YDMPZ,clinician
I1F52L1,M2O17EZ,admin
UJPO0BE,XJ3BXEE,nurse
5WQM8H2,6LUDIK7,management
CBQPRWY,C36UEGW,management
WID2JZ5,ZY0V3JE,management
AMAAB4W,8Z428Y7,clinician
NRUF75J,3PE983Y,admin
V8XU8JI,7TY44CF,admin
8M76SKO,6SGUD9D,management
PFGSBIY,M4D3YLY,clinician
FX105SO,ZW7M9W0,admin
E51T74K,XCVDOND,admin
LUSVS3C,9XS6RNJ,nurse
WFLBAR0,C9A9Q6Z,management
A5H0V8I,NMSZM5D,clinician
ES6ENRR,L6FSMGK,clinician
WRKVC6S,R20DF3I,nurse
3BKF4JQ,CHC2WR0,clinician
041BOBI,GOUDZQV,management
O8FPM9G,9NDP1RU,nurse
N6LL7MV,8BA871K,nurse
QCF5MOM,DG37ADP,management
QYFDJH1,0LV514U,admin
8VD04CS,AXITNCH,clinician
UWH0EBS,9LRB9SG,management
B2ZQD69,AGXRVF4,management
NAR7NW2,WEWHP4R,clinician
UK5TWWH,WM4W0BS,nurse
R8I6BB7,JTL113D,clinician
SBZ1F4J,ZU7VBVT,management
OIPWYHS,6STLBEX,admin
8A8V1RJ,G9YHNAG,nurse
PYMWVIW,Z0RUDUV,nurse
RJG4Z5D,HQ6TWR7,clinician
EA8M9L2,NR5SBT2,nurse
GP8NUBA,H0BX1F8,nurse
QTK2J0L,NEYN12U,management
